Level,Game
Beverages 1,Secret Shopper
Beverages 2,Secret Shopper
Beverages 3,Secret Shopper
Beverages 4,Secret Shopper
Beverages 5,Secret Shopper
Beverages 6,Secret Shopper
Breakfast 1,Secret Shopper
Breakfast 2,Secret Shopper
Breakfast 3,Secret Shopper
Breakfast 4,Secret Shopper
Breakfast 5,Secret Shopper
Breakfast 6,Secret Shopper
Desserts 1,Secret Shopper
Desserts 2,Secret Shopper
Desserts 3,Secret Shopper
Desserts 4,Secret Shopper
Desserts 5,Secret Shopper
Entrees 1,Secret Shopper
Entrees 2,Secret Shopper
Entrees 3,Secret Shopper
Entrees 4,Secret Shopper
Fruits 1,Secret Shopper
Fruits 2,Secret Shopper
Fruits 3,Secret Shopper
Fruits 4,Secret Shopper
Fruits 5,Secret Shopper
Fruits 6,Secret Shopper
Grains 1,Secret Shopper
Grains 2,Secret Shopper
Grains 3,Secret Shopper
Grains 6,Secret Shopper
Spices 1,Secret Shopper
Spices 2,Secret Shopper
Spices 3,Secret Shopper
Spices 4,Secret Shopper
Spices 6,Secret Shopper
Veggies 1,Secret Shopper
Veggies 2,Secret Shopper
Veggies 3,Secret Shopper
Veggies 5,Secret Shopper
Veggies 6,Secret Shopper
Coins,Pin Pals
Even numbers 1,Pin Pals
Numbers 1,Pin Pals
Numbers 2,Pin Pals
Numbers 3,Pin Pals
Numbers 4,Pin Pals
Numbers 5,Pin Pals
Numbers 6,Pin Pals
Numbers 7,Pin Pals
Numbers 8,Pin Pals
Odd numbers 1,Pin Pals
Primes 1,Pin Pals
Teens 1,Pin Pals
Teens 2,Pin Pals
All animals,Snack-a-mole
Animals 1,Snack-a-mole
Animals 2,Snack-a-mole
Animals 3,Snack-a-mole
Animals 4,Snack-a-mole
Animals 5,Snack-a-mole
Animals 6,Snack-a-mole
Animals 7,Snack-a-mole
Birds,Snack-a-mole
Mammals,Snack-a-mole
Reptiles,Snack-a-mole
ABC,Soop Loops
Consonants 1,Soop Loops
Consonants 10,Soop Loops
Consonants 11,Soop Loops
Consonants 12,Soop Loops
Consonants 13,Soop Loops
Consonants 2,Soop Loops
Consonants 3,Soop Loops
Consonants 4,Soop Loops
Consonants 5,Soop Loops
Consonants 6,Soop Loops
Consonants 7,Soop Loops
Consonants 8,Soop Loops
Consonants 9,Soop Loops
Vowels 1,Soop Loops
Vowels 2,Soop Loops
Vowels 3,Soop Loops
Vowels 4,Soop Loops
Vowels 5,Soop Loops
Vowels 6,Soop Loops
Vowels 7,Soop Loops
Vowels 8,Soop Loops
XYZ,Soop Loops
